"area","key","portugues_pt","english_en"
"nav","nav.home","Início","Home"
"nav","nav.brackets","Chaves","Brackets"
"nav","nav.tournaments","Torneios","Tournaments"
"nav","nav.groups","Grupos","Groups"
"nav","nav.myPredictions","Meus Palpites","My Predictions"
"nav","nav.ranking","Ranking","Ranking"
"nav","nav.rankingGeneral","Ranking Geral","Overall Ranking"
"nav","nav.rankingByTournament","Ranking por Torneio","Tournament Ranking"
"nav","nav.rules","Regras","Rules"
"nav","nav.profile","Meu Perfil","My Profile"
"nav","nav.logout","Sair","Log out"
"nav","nav.login","Entrar","Log in"
"nav","nav.register","Cadastrar","Sign up"
"nav","nav.participant","Participante","Participant"
"nav","nav.guest","Visitante","Guest"
"nav","nav.registeredUsers","Número de inscritos no site","Registered users on the site"
"buttons","buttons.savePrediction","Salvar Palpite","Save Prediction"
"buttons","buttons.edit","Editar","Edit"
"buttons","buttons.confirm","Confirmar","Confirm"
"buttons","buttons.back","Voltar","Back"
"buttons","buttons.finalize","Finalizar","Finalize"
"buttons","buttons.saving","Salvando...","Saving..."
"buttons","buttons.official","Oficial","Official"
"buttons","buttons.myPrediction","Meu Palpite","My Prediction"
"buttons","buttons.viewPrediction","Ver Palpite","View Prediction"
"buttons","buttons.cancel","Cancelar","Cancel"
"buttons","buttons.delete","Excluir","Delete"
"buttons","buttons.save","Salvar","Save"
"buttons","buttons.search","Pesquisar","Search"
"buttons","buttons.clear","Limpar","Clear"
"buttons","buttons.viewAll","Ver todos","View all"
"buttons","buttons.manage","Gerenciar","Manage"
"buttons","buttons.close","Fechar","Close"
"tennis","tennis.round","Rodada","Round"
"tennis","tennis.roundOf64","64-avos de final","Round of 64"
"tennis","tennis.roundOf32","32-avos de final","Round of 32"
"tennis","tennis.roundOf16","Oitavas","Round of 16"
"tennis","tennis.quarterfinals","Quartas de Final","Quarterfinals"
"tennis","tennis.semifinals","Semifinais","Semifinals"
"tennis","tennis.final","Final","Final"
"tennis","tennis.winner","Vencedor","Winner"
"tennis","tennis.player","Jogador","Player"
"tennis","tennis.set","Set","Set"
"tennis","tennis.tiebreak","Tie-break","Tie-break"
"tennis","tennis.qualifier","Qualifier","Qualifier"
"tennis","tennis.qualifier1","Qualifier 1","Qualifier 1"
"tennis","tennis.qualifier2","Qualifier 2","Qualifier 2"
"tennis","tennis.wildcard","Wild Card","Wild Card"
"tennis","tennis.luckyLoser","Lucky Loser","Lucky Loser"
"tennis","tennis.nextGen","Next Gen","Next Gen"
"tennis","tennis.alternate","Alternate","Alternate"
"tennis","tennis.bye","BYE","BYE"
"tennis","tennis.walkover","W/O","W/O"
"tennis","tennis.retired","RET","RET"
"tennis","tennis.pointsCancelled","ANULADA","VOID"
"tennis","tennis.champion","Campeão","Champion"
"tennis","tennis.runnerUp","Vice-Campeão","Runner-up"
"bracket","bracket.missingMatch","Confronto ausente","Missing match"
"bracket","bracket.bracketError","ERRO DE CHAVEAMENTO","BRACKET ERROR"
"bracket","bracket.awaitingResults","Aguardando resultados","Awaiting results"
"bracket","bracket.notPredicted","Sem palpite","Not predicted"
"bracket","bracket.toBeDefined","A definir","TBD"
"bracket","bracket.awaitingQualifier","Aguardando definição do Qualifier pela organização.","Waiting for the organization to assign the Qualifier."
"bracket","bracket.unsavedWarning","Você tem palpites não salvos. Tem certeza que deseja sair?","You have unsaved predictions. Are you sure you want to leave?"
"feedback","feedback.predictionSaved","Palpite salvo com sucesso!","Prediction saved successfully!"
"feedback","feedback.predictionSaveError","Erro ao salvar","Error saving prediction"
"feedback","feedback.predictionSaveErrorDetail","Ocorreu um erro ao salvar seu palpite. Tente novamente.","Something went wrong while saving your prediction. Please try again."
"feedback","feedback.bracketUnavailable","Chaveamento ainda não disponível.","Bracket is not available yet."
"feedback","feedback.fillAllMatches","Preencha todos os confrontos antes de finalizar.","Fill in all matches before finalizing."
"feedback","feedback.waitPlayersDefined","Aguarde todos os jogadores da chave serem definidos antes de finalizar.","Wait until all bracket players are set before finalizing."
"feedback","feedback.invalidPredictionChain","Revise a chave: há palpite em confronto sem jogador definido.","Review the bracket: a prediction points to an undefined matchup."
"language","language.label","Idioma","Language"
"language","language.pt","Português","Português"
"language","language.en","English","English"
"language","language.switchTo","Mudar idioma","Switch language"
"common","common.loading","Carregando...","Loading..."
"common","common.error","Erro","Error"
"common","common.success","Sucesso","Success"
"common","common.cancel","Cancelar","Cancel"
"common","common.close","Fechar","Close"
"common","common.search","Buscar","Search"
"common","common.noResults","Nenhum resultado encontrado","No results found"
"common","common.points","Pontos","Points"
"common","common.hits","Acertos","Correct picks"
"common","common.accuracy","Precisão","Accuracy"
"common","common.you","Você","You"
"common","common.youUpper","VOCÊ","YOU"
"common","common.participants","{count} participantes","{count} participants"
"common","common.participantOne","1 participante","1 participant"
"common","common.tournamentOne","torneio","tournament"
"common","common.tournamentOther","torneios","tournaments"
"common","common.memberOne","membro","member"
"common","common.memberOther","membros","members"
"common","common.ofPredictions","de {count} palpites","of {count} predictions"
"common","common.inProgress","em andamento","in progress"
"common","common.requiredFields","Campos com * são obrigatórios","Fields marked with * are required"
"common","common.updating","Atualizando...","Updating..."
"common","common.searching","Buscando...","Searching..."
"common","common.processing","Processando...","Processing..."
"common","common.brandName","TennisPool","TennisPool"
"status","status.standby","Standby","Standby"
"status","status.draft","Rascunho","Draft"
"status","status.upcoming","Em breve","Coming up"
"status","status.open","Aberto para palpites","Open for predictions"
"status","status.active","Ativo","Active"
"status","status.published","Ativo","Active"
"status","status.locked","Palpites fechados","Predictions closed"
"status","status.inProgress","Em andamento","In progress"
"status","status.finished","Finalizado","Finished"
"status","status.scheduled","Agendado","Scheduled"
"status","status.preparingBracket","Preparando chaveamento","Preparing bracket"
"surfaces","surfaces.Hard","Quadra dura","Hard court"
"surfaces","surfaces.Clay","Saibro","Clay"
"surfaces","surfaces.Grass","Grama","Grass"
"surfaces","surfaces.hardCourt","Quadra dura","Hard court"
"home","home.login","Entrar","Log in"
"home","home.getStarted","Começar Agora","Get started"
"home","home.heroTitle","Faça seus palpites e","Make your predictions and"
"home","home.heroTitleHighlight","ganhe pontos","earn points"
"home","home.heroSubtitle","Participe do grupo, dê seus palpites nos maiores torneios de tênis do mundo e dispute com seus amigos no ranking.","Join the pool, predict the biggest tennis tournaments in the world, and compete with your friends on the leaderboard."
"home","home.featuredTitle","Torneios em destaque","Featured tournaments"
"home","home.featuredSubtitle","Inscreva-se e comece a fazer seus palpites agora mesmo","Sign up and start making your predictions right away"
"home","home.viewAll","Ver todos","View all"
"home","home.howBadge","Simples e rápido","Simple and fast"
"home","home.howTitle","Como funciona","How it works"
"home","home.step1Title","Crie sua conta","Create your account"
"home","home.step1Desc","Cadastre-se gratuitamente e entre na disputa.","Sign up for free and join the competition."
"home","home.step2Title","Escolha o torneio","Pick a tournament"
"home","home.step2Desc","Selecione um torneio ativo e escolha participar de um grupo ou criar o seu próprio.","Choose an active tournament and join a group or create your own."
"home","home.step3Title","Faça seus palpites","Make your predictions"
"home","home.step3Desc","Escolha, de uma vez, o vencedor de cada partida até o campeão e acumule pontos progressivos com seus acertos.","Pick the winner of every match up to the champion and earn progressive points for correct picks."
"home","home.step4Title","Suba no Ranking","Climb the ranking"
"home","home.step4Desc","Dispute o topo do ranking nacional e do seu estado com outros participantes.","Compete for the top of the national and state rankings with other participants."
"home","home.stepLabel","Passo 0{n}","Step 0{n}"
"home","home.testimonialsBadge","Depoimentos","Testimonials"
"home","home.testimonialsTitle","O que dizem nossos participantes","What our participants say"
"home","home.testimonialRole","Participante desde 2026","Participant since 2026"
"home","home.t1","A plataforma é incrível! Interface intuitiva e acompanhar o ranking em tempo real dá um gás a mais na competição.","The platform is amazing! Intuitive interface and real-time ranking makes the competition even more exciting."
"home","home.t2","Adoro a facilidade de dar os palpites. O sistema de pontos é justo e muito divertido de competir com os amigos.","I love how easy it is to make predictions. The scoring system is fair and so much fun competing with friends."
"home","home.t3","Melhor grupo de tênis que já participei. Todo Grand Slam eu tô aqui firme e forte. Recomendo demais!","Best tennis pool I've ever joined. Every Grand Slam I'm here. Highly recommend!"
"home","home.ctaTitle","Pronto para entrar no jogo?","Ready to join the game?"
"home","home.ctaSubtitle","Cadastre-se agora e comece a pontuar nos maiores torneios do tênis mundial.","Sign up now and start scoring points at the biggest tennis tournaments in the world."
"home","home.ctaRegister","Quero me cadastrar","I want to sign up"
"home","home.ctaLogin","Já tenho uma conta","I already have an account"
"home","home.footerCopyright","© {year} TennisPool. Todos os direitos reservados.","© {year} TennisPool. All rights reserved."
"home","home.footerDisclaimer","Este site não é oficial e não é afiliado à ATP ou aos torneios citados.","This site is not official and is not affiliated with the ATP or the tournaments mentioned."
"home","home.createAccount","Criar minha conta","Create my account"
"home","home.howItWorks","Como funciona","How it works"
"auth","auth.tagline","Viva o jogo","Live the game"
"auth","auth.backToHome","Voltar à página inicial","Back to home"
"auth","auth.loginTitle","Bem-vindo de volta","Welcome back"
"auth","auth.loginSubtitle","Entre na sua conta para fazer seus palpites ou acompanhar os resultados.","Sign in to your account to make predictions or follow the results."
"auth","auth.noAccount","Ainda não tem uma conta?","Don't have an account yet?"
"auth","auth.signUpLink","Cadastre-se","Sign up"
"auth","auth.loginSubmit","Entrar","Log in"
"auth","auth.loginSubmitting","Entrando...","Signing in..."
"auth","auth.forgotPassword","Esqueci minha senha","Forgot password?"
"auth","auth.registerTitle","Criar sua conta","Create your account"
"auth","auth.registerSubtitle","Junte-se a milhares de fãs e comece a pontuar agora mesmo.","Join thousands of fans and start scoring right away."
"auth","auth.hasAccount","Já tem uma conta?","Already have an account?"
"auth","auth.loginLink","Entrar","Log in"
"auth","auth.registerSubmit","Criar conta","Create account"
"auth","auth.registerSubmitting","Criando conta...","Creating account..."
"auth","auth.email","E-mail","Email"
"auth","auth.password","Senha","Password"
"auth","auth.name","Nome *","Name *"
"auth","auth.nickname","Apelido (visível no site)","Nickname (visible on the site)"
"auth","auth.emailRequired","E-mail *","Email *"
"auth","auth.passwordRequired","Senha *","Password *"
"auth","auth.whatsapp","WhatsApp","WhatsApp"
"auth","auth.firstNameOnly","Apenas o primeiro nome","First name only"
"auth","auth.nicknameHint","Seu nome real ficará privado, apenas este apelido será exibido publicamente","Your real name stays private; only this nickname is shown publicly"
"auth","auth.passwordHint","Mínimo de 6 caracteres","At least 6 characters"
"auth","auth.requiredFields","Campos com * são obrigatórios","Fields marked with * are required"
"auth","auth.nonBrazilHint","Para outros países, estado e cidade não são necessários.","For other countries, state and city are not required."
"auth","auth.stateCityRequired","Estado e cidade são obrigatórios para Brasil.","State and city are required for Brazil."
"auth","auth.invalidEmail","Por favor, insira um email válido.","Please enter a valid email."
"auth","auth.passwordMinLength","A senha deve conter pelo menos 6 caracteres.","Password must be at least 6 characters."
"auth","auth.completeTitle","Complete seu Cadastro","Complete your registration"
"auth","auth.completeDescription","Para continuarmos, precisamos que você informe seu clube e país. Estado e cidade são necessários apenas para Brasil.","To continue, we need your club and country. State and city are only required for Brazil."
"auth","auth.completeSubmit","Salvar e Continuar","Save and continue"
"auth","auth.completeSubmitting","Salvando...","Saving..."
"auth","auth.completeSuccess","Perfil atualizado com sucesso!","Profile updated successfully!"
"auth","auth.completeError","Erro ao atualizar perfil","Error updating profile"
"auth","auth.resetTitle","Recuperar Senha","Reset password"
"auth","auth.resetEmailDesc","Informe seu e-mail para receber o código de recuperação.","Enter your email to receive a recovery code."
"auth","auth.resetCodeDesc","Digite o código de 5 caracteres enviado para o seu e-mail.","Enter the 5-character code sent to your email."
"auth","auth.resetNewPasswordDesc","Escolha sua nova senha de acesso.","Choose your new password."
"auth","auth.resetEmailPlaceholder","exemplo@email.com","you@email.com"
"auth","auth.resetSendCode","Enviar Código","Send code"
"auth","auth.resetSending","Enviando...","Sending..."
"auth","auth.resetVerifyCode","Verificar Código","Verify code"
"auth","auth.resetVerifying","Verificando...","Verifying..."
"auth","auth.resetNewPassword","Nova Senha","New password"
"auth","auth.resetPasswordPlaceholder","Mínimo 6 caracteres","At least 6 characters"
"auth","auth.resetConfirmPassword","Confirmar Nova Senha","Confirm new password"
"auth","auth.resetSubmit","Alterar Senha e Entrar","Change password and sign in"
"auth","auth.resetSubmitting","Alterando...","Updating..."
"auth","auth.resetSuccess","Senha alterada com sucesso!","Password changed successfully!"
"auth","auth.passwordMismatch","As senhas não coincidem.","Passwords do not match."
"auth","auth.passwordMin6","A senha deve ter pelo menos 6 caracteres.","Password must be at least 6 characters."
"auth","auth.quote1","“No tênis, cada ponto conta uma história — de foco, coragem e paixão.”","“In tennis, every point tells a story — of focus, courage, and passion.”"
"auth","auth.quote2","“Entre linhas e silêncios, o tênis revela quem você é quando a bola volta.”","“Between lines and silence, tennis shows who you are when the ball comes back.”"
"auth","auth.quote3","“O jogo começa antes do saque.”","“The game starts before the serve.”"
"auth","auth.quote4","“No tênis, a mente é tão afiada quanto a raquete.”","“In tennis, the mind is as sharp as the racket.”"
"auth","auth.quote5","“Cada partida é uma nova chance de se reinventar.”","“Every match is a new chance to reinvent yourself.”"
"dashboard","dashboard.availableTournaments","Torneios disponíveis","Available tournaments"
"dashboard","dashboard.availableSubtitle","Alguns torneios estão acontecendo agora. Participe e mostre o quanto você entende de tênis!","Some tournaments are live now. Join in and show your skills!"
"dashboard","dashboard.viewAll","Ver todos","View all"
"dashboard","dashboard.noTournaments","Nenhum torneio disponível no momento.","No tournaments available right now."
"dashboard","dashboard.heroTitle","Faça seus palpites e","Make your predictions and"
"dashboard","dashboard.heroTitleHighlight","ganhe pontos","earn points"
"dashboard","dashboard.heroSubtitle","Participe do grupo, dê seus palpites nos jogos e dispute com seus amigos no ranking.","Join the pool, predict the matches, and compete with your friends on the leaderboard."
"dashboard","dashboard.welcome","Bem-vindo, {name}.","Welcome, {name}."
"dashboard","dashboard.statsPoints","Seus Pontos","Your points"
"dashboard","dashboard.statsHits","Acertos","Correct picks"
"dashboard","dashboard.statsOfPredictions","de {count} palpites","of {count} predictions"
"dashboard","dashboard.statsAccuracy","Precisão","Accuracy"
"dashboard","dashboard.statsTournaments","Torneios","Tournaments"
"dashboard","dashboard.statsInProgress","em andamento","in progress"
"dashboard","dashboard.rankingGeneral","Ranking Geral","Overall ranking"
"dashboard","dashboard.top5","Top 5","Top 5"
"dashboard","dashboard.noParticipants","Nenhum participante ainda","No participants yet"
"dashboard","dashboard.you","Você","You"
"dashboard","dashboard.points","Pontos","Points"
"dashboard","dashboard.prizeOpen","Abrir prêmio do torneio","Open tournament prize"
"dashboard","dashboard.prizeAvailable","Prêmio disponível","Prize available"
"dashboard","dashboard.prizeInPlay","Prêmio em jogo","Prize in play"
"dashboard","dashboard.prizeWinnerGets","O vencedor recebe","The winner receives"
"dashboard","dashboard.prizeViewTournament","Ver torneio","View tournament"
"tournaments","tournaments.title","Torneios","Tournaments"
"tournaments","tournaments.subtitle","Participe dos maiores torneios do tênis mundial","Join the biggest tennis tournaments in the world"
"tournaments","tournaments.available","Disponíveis","Available"
"tournaments","tournaments.sectionActive","Torneios ativos","Active tournaments"
"tournaments","tournaments.sectionFinished","Torneios finalizados","Finished tournaments"
"tournaments","tournaments.sectionUpcoming","O que vem por aí","Coming up"
"tournaments","tournaments.noActiveTitle","Nenhum torneio ativo no momento","No active tournaments right now"
"tournaments","tournaments.noActiveBody","Assim que um torneio for aberto para palpites, ele aparecerá aqui. Enquanto isso, veja os próximos torneios já agendados.","As soon as a tournament opens for predictions, it will show up here. Meanwhile, check the upcoming scheduled tournaments."
"tournaments","tournaments.viewUpcoming","Ver o que vem por aí","See what's coming"
"tournaments","tournaments.notFoundTitle","Nenhum torneio encontrado","No tournaments found"
"tournaments","tournaments.notFoundBody","Não encontramos torneios que correspondam aos filtros selecionados.","We couldn't find tournaments matching the selected filters."
"tournaments","tournaments.viewingBracket","Visualizando Chave","Viewing bracket"
"tournaments","tournaments.bracket","Chaveamento","Bracket"
"tournaments","tournaments.enrolledCta","Inscrito - Faça seus palpites!","Enrolled — make your predictions!"
"tournaments","tournaments.rulesLink","Regras do Torneio","Tournament rules"
"tournaments","tournaments.backToRanking","Voltar ao Ranking","Back to ranking"
"tournaments","tournaments.viewingPredictionsOf","Você está visualizando os palpites de","You are viewing predictions by"
"tournaments","tournaments.userFallback","Usuário","User"
"tournaments","tournaments.enrollmentConfirmed","Inscrição confirmada!","Enrollment confirmed!"
"tournaments","tournaments.awaitingBracket","Aguardando divulgação do chaveamento por parte da ATP. 🎾","Waiting for the ATP to publish the draw. 🎾"
"tournaments","tournaments.enrolledOne","inscrito","enrolled"
"tournaments","tournaments.enrolledOther","inscritos","enrolled"
"tournaments","tournaments.inTournament","no Torneio","in the tournament"
"tournaments","tournaments.predictionsWhenBracket","✅ Os palpites serão liberados assim que a chave inicial sair.","✅ Predictions open as soon as the initial draw is published."
"tournaments","tournaments.bracketAfterQualifying","⌛ A chave completa será finalizada após o Qualifying, geralmente um dia antes do torneio.","⌛ The full draw is finalized after Qualifying, usually one day before the tournament."
"tournaments","tournaments.comeBackAround","Volte aqui por volta de:","Check back around:"
"tournaments","tournaments.userNoPredictionTitle","Palpite do usuário não foi registrado","No prediction submitted"
"tournaments","tournaments.userNoPredictionBody","Este usuário não registrou palpites para este torneio.","This user did not submit predictions for this tournament."
"tournaments","tournaments.searchLabel","Buscar torneios","Search tournaments"
"tournaments","tournaments.searchPlaceholder","Ex: Roland Garros, Wimbledon...","E.g. Roland Garros, Wimbledon..."
"tournaments","tournaments.category","Categoria","Category"
"tournaments","tournaments.allCategories","Todas as categorias","All categories"
"tournaments","tournaments.clear","Limpar","Clear"
"tournaments","tournaments.filterActive","Ativos","Active"
"tournaments","tournaments.filterUpcoming","O que vem por aí","Coming up"
"tournaments","tournaments.filterUpcomingShort","Próximos","Upcoming"
"tournaments","tournaments.filterFinished","Finalizados","Finished"
"tournaments","tournaments.updating","Atualizando...","Updating..."
"tournaments","tournaments.enrollBannerTitle","Participe do Grupo!","Join the pool!"
"tournaments","tournaments.enrollBannerBody","Inscreva-se para fazer seus palpites no chaveamento completo do {name}.","Sign up to predict the full bracket of {name}."
"tournaments","tournaments.enrollCta","Inscrever-se","Enroll"
"tournaments","tournaments.enrollError","Erro ao realizar inscrição","Error enrolling"
"tournaments","tournaments.enrollConnectionError","Erro de conexão ao realizar inscrição","Connection error while enrolling"
"tournaments","tournaments.enrollModalTitle","Participar do Grupo","Join the pool"
"tournaments","tournaments.enrollModalDescription","Inscreva-se no grupo de {name} e dispute com outros participantes!","Join the {name} pool and compete with other participants!"
"tournaments","tournaments.enrollStep1","Confirme sua inscrição no botão abaixo para entrar na disputa deste torneio.","Confirm your enrollment below to enter this tournament."
"tournaments","tournaments.enrollStep2","Após a inscrição, você poderá iniciar os palpites nos jogos já confirmados.","Once enrolled, you can start predicting confirmed matches."
"tournaments","tournaments.enrollStep3","Assim que os classificados do qualifying forem inseridos na chave principal, você poderá completar os palpites restantes.","When qualifiers are placed in the main draw, you can complete the remaining predictions."
"tournaments","tournaments.enrollViewRules","Ver regras completas de pontuação","View full scoring rules"
"tournaments","tournaments.enrollProcessing","Processando inscrição...","Processing enrollment..."
"tournaments","tournaments.enrollSuccessTitle","Inscrição confirmada!","Enrollment confirmed!"
"tournaments","tournaments.enrollSuccessBody","Agora você pode fazer seus palpites.","You can now make your predictions."
"tournaments","tournaments.headerStartsAt","Início às","Starts at"
"tournaments","tournaments.headerCategory","Categoria","Category"
"tournaments","tournaments.headerEnrolled","Inscritos","Enrolled"
"tournaments","tournaments.headerPrize","Prêmio","Prize"
"tournaments","tournaments.podiumFinished","Pódio do Torneio","Tournament podium"
"tournaments","tournaments.podiumLive","Liderança Atual","Current leaders"
"tournaments","tournaments.rankingEmptyTitle","Nenhum palpite ainda","No predictions yet"
"tournaments","tournaments.rankingEmptyBody","As classificações aparecerão assim que os resultados forem lançados.","Standings will appear as soon as results are entered."
"tournaments","tournaments.rankingFull","Classificação Completa","Full standings"
"tournaments","tournaments.rankingParticipants","{count} participantes","{count} participants"
"tournaments","tournaments.hitChampionAndRunner","Acertou o campeão e o vice","Picked champion and runner-up"
"tournaments","tournaments.hitChampion","Acertou o Campeão","Picked the champion"
"tournaments","tournaments.hitsLabel","ACERTOS","CORRECT"
"tournaments","tournaments.accuracyLabel","PRECISÃO","ACCURACY"
"tournaments","tournaments.finalScoreTitle","Placar da Final","Final score"
"tournaments","tournaments.finalScoreSubtitle","Defina quantos sets cada jogador vencerá na final.","Set how many sets each player will win in the final."
"tournaments","tournaments.finalScoreChampionMustHave","O campeão deve ter {n} sets.","The champion must have {n} sets."
"tournaments","tournaments.finalScoreConfirm","Confirmar Placar","Confirm score"
"tournaments","tournaments.player1","Jogador 1","Player 1"
"tournaments","tournaments.player2","Jogador 2","Player 2"
"ranking","ranking.stateTitle","Ranking Estadual - {state}","State ranking - {state}"
"ranking","ranking.nationalTitle","Ranking Nacional","National ranking"
"ranking","ranking.stateSubtitle","Veja os líderes do estado {state}","See the leaders in {state}"
"ranking","ranking.nationalSubtitle","Veja quem está liderando a temporada nacional","See who is leading the national season"
"ranking","ranking.podiumState","Pódio Estadual","State podium"
"ranking","ranking.podiumGeneral","Pódio Geral","Overall podium"
"ranking","ranking.tabNational","Nacional","National"
"ranking","ranking.tabState","Estadual","State"
"ranking","ranking.needState","Você precisa definir seu estado no seu perfil para visualizar o Ranking Estadual.","You need to set your state in your profile to view the state ranking."
"ranking","ranking.noParticipants","Nenhum participante ainda","No participants yet"
"ranking","ranking.beFirst","Seja o primeiro a participar de um torneio!","Be the first to join a tournament!"
"ranking","ranking.fullStandings","Classificação Completa","Full standings"
"ranking","ranking.participantsCount","{count} participantes","{count} participants"
"ranking","ranking.you","Você","You"
"ranking","ranking.hits","acertos","correct picks"
"ranking","ranking.accuracy","% de precisão","% accuracy"
"ranking","ranking.points","Pontos","Points"
"ranking","ranking.byTournamentTitle","Ranking por Torneio","Ranking by tournament"
"ranking","ranking.byTournamentSubtitle","Selecione um torneio para ver a classificação detalhada","Select a tournament to see the detailed standings"
"ranking","ranking.total","Total","Total"
"ranking","ranking.finished","Rankings: Finalizados","Rankings: Finished"
"ranking","ranking.active","Rankings: Ativos","Rankings: Active"
"ranking","ranking.notFoundTitle","Nenhum ranking encontrado","No rankings found"
"ranking","ranking.notFoundBody","Não encontramos torneios com rankings disponíveis para os filtros selecionados.","We couldn't find tournaments with rankings for the selected filters."
"ranking","ranking.tournamentTitle","Ranking: {name}","Ranking: {name}"
"ranking","ranking.tournamentSubtitle","Veja a classificação dos participantes neste torneio","See participant standings in this tournament"
"ranking","ranking.yourPosition","Sua posição no torneio","Your position in the tournament"
"ranking","ranking.pointsValue","{n} pontos","{n} points"
"rules","rules.title","Regras do Grupo","Pool rules"
"rules","rules.subtitle","Entenda como funciona a pontuação e as participações","Understand how scoring and participation work"
"rules","rules.deadlinesTitle","Início e Prazos","Start and deadlines"
"rules","rules.deadlinesBody","As inscrições nos torneios ficam disponíveis assim que eles entram no status “O que vem por aí”. Já os palpites podem ser enviados a partir da publicação da chave no TennisPool até o horário de início da primeira partida da chave principal.","Tournament enrollment opens when status is “Coming up”. Predictions can be submitted from the moment the draw is published on TennisPool until the start of the first main-draw match."
"rules","rules.editTitle","Alteração de Palpites","Changing predictions"
"rules","rules.editBody","Você pode alterar seus palpites quantas vezes quiser até o momento do bloqueio (início do torneio). Após o início das partidas, os palpites são congelados e não podem mais ser modificados.","You can change your predictions as often as you like until lock time (tournament start). After matches begin, predictions are frozen and can no longer be edited."
"rules","rules.scoringTitle","Como Pontuar","How scoring works"
"rules","rules.scoringBody","Você ganha pontos a cada acerto de vencedor. A pontuação é progressiva: rodadas finais valem mais. A última partida (Final) premia exclusivamente quem acerta o Campeão do torneio.","You earn points for every correct winner. Scoring is progressive: later rounds are worth more. The Final awards points only to those who pick the tournament Champion."
"rules","rules.bracketTitle","Chaveamento e Ranking","Bracket and ranking"
"rules","rules.bracketBody","Escolha quem avança em cada fase, palpitando no chaveamento até a final, e conquiste pontos progressivos para se destacar no ranking.","Pick who advances through every stage, predicting the bracket all the way to the final, and earn progressive points to climb the rankings."
"rules","rules.viewOthersTitle","Ver palpites dos adversários","View opponents' predictions"
"rules","rules.viewOthersBody","Para visualizar os palpites dos adversários, basta clicar em ""Ranking"", depois em ""Ranking por Torneio"" e, ao acessar o torneio, escolher um adversário.","To view opponents' predictions, go to ""Ranking"", then ""Tournament Ranking"", open a tournament and pick an opponent."
"rules","rules.importantTitle","Observação Importante","Important note"
"rules","rules.importantBody","Sempre que um tenista com o status de Lucky Loser (LL) vencer uma partida, ou em caso de vitória por W/O (Walkover), não haverá pontuação.","Whenever a player with Lucky Loser (LL) status wins a match, or in case of a W/O (Walkover) win, no points are awarded."
"rules","rules.scoringSystem","Sistema de Pontuação","Scoring system"
"rules","rules.pointsUnit","pontos","points"
"rules","rules.champion","Campeão","Champion"
"rules","rules.final","Final","Final"
"rules","rules.tiebreakTitle","Critérios de Desempate","Tie-break criteria"
"rules","rules.tiebreakIntro","Caso dois ou mais participantes terminem com a mesma pontuação total, os seguintes critérios serão aplicados nesta ordem:","If two or more participants finish with the same total points, the following criteria apply in order:"
"rules","rules.tiebreak1","Acertou o Campeão do Torneio;","Picked the tournament Champion;"
"rules","rules.tiebreak2","Acertou o Campeão e o Vice-Campeão;","Picked both Champion and Runner-up;"
"rules","rules.tiebreak3","Maior número total de acertos (vencedores de partidas);","Highest total number of correct match winners;"
"rules","rules.tiebreak4","Maior pontuação no Ranking Geral (pontuação acumulada nas etapas);","Highest overall ranking score (points accumulated across stages);"
"rules","rules.generalTitle","Regras do Ranking Geral","Overall ranking rules"
"rules","rules.generalComposed","O Ranking Geral será composto por <bold>29 torneios oficiais</bold>, distribuídos da seguinte forma:","The overall ranking is made up of <bold>29 official tournaments</bold>, distributed as follows:"
"rules","rules.generalSlam","4 Grand Slams","4 Grand Slams"
"rules","rules.generalMasters","9 Masters 1000","9 Masters 1000"
"rules","rules.generalAtp500","16 ATPs 500","16 ATP 500s"
"rules","rules.generalValid","29 torneios válidos para pontuação","29 tournaments count for scoring"
"rules","rules.generalScoringTitle","Sistema de Pontuação","Scoring system"
"rules","rules.generalScoring1","Cada torneio tem sua própria tabela de pontuação conforme a categoria.","Each tournament has its own scoring table by category."
"rules","rules.generalScoring2","Os pontos de todos os torneios são somados no Ranking Geral.","Points from all tournaments add up in the overall ranking."
"rules","rules.generalScoring3","Não há descarte de piores resultados — todos os torneios contam.","Worst results are not dropped — every tournament counts."
"rules","rules.generalScoring4","O ranking é atualizado em tempo real conforme os resultados oficiais.","The ranking updates in real time as official results come in."
"rules","rules.validityTitle","Validade dos Pontos","Point validity"
"rules","rules.validity1","Os pontos permanecem válidos durante toda a temporada.","Points remain valid for the entire season."
"rules","rules.validity2","Ao final da temporada, o ranking é zerado para o novo ciclo.","At the end of the season, the ranking resets for the new cycle."
"rules","rules.validity3","Premiações especiais podem ser definidas pela organização do grupo.","Special prizes may be defined by the pool organizers."
"profile","profile.title","Meu Perfil","My profile"
"profile","profile.subtitle","Gerencie suas informações e veja suas estatísticas","Manage your information and view your stats"
"profile","profile.admin","Administrador","Administrator"
"profile","profile.accountAge","{days} dias de conta","{days} days on the site"
"profile","profile.rankingPosition","Posição no Ranking","Ranking position"
"profile","profile.editTitle","Editar Perfil","Edit profile"
"profile","profile.passwordTitle","Alterar Senha","Change password"
"profile","profile.name","Nome *","Name *"
"profile","profile.email","E-mail *","Email *"
"profile","profile.emailLocked","O email não pode ser alterado","Email cannot be changed"
"profile","profile.nickname","Apelido (visível no site)","Nickname (visible on the site)"
"profile","profile.nicknameHint","Apenas o apelido será exibido publicamente","Only the nickname is shown publicly"
"profile","profile.useFirstName","Usar 1º nome","Use first name"
"profile","profile.noStateCity","Para outros países, estado e cidade não são necessários.","For other countries, state and city are not required."
"profile","profile.save","Salvar Alterações","Save changes"
"profile","profile.editSuccess","Perfil atualizado com sucesso!","Profile updated successfully!"
"profile","profile.editError","Erro ao atualizar perfil","Error updating profile"
"profile","profile.passwordMismatch","As senhas não coincidem","Passwords do not match"
"profile","profile.passwordMinLength","A senha deve ter pelo menos 6 caracteres","Password must be at least 6 characters"
"profile","profile.passwordSuccess","Senha atualizada com sucesso!","Password updated successfully!"
"profile","profile.passwordError","Erro ao atualizar senha","Error updating password"
"profile","profile.currentPassword","Senha Atual","Current password"
"profile","profile.newPassword","Nova Senha","New password"
"profile","profile.confirmPassword","Confirmar Nova Senha","Confirm new password"
"profile","profile.updating","Atualizando...","Updating..."
"profile","profile.changePassword","Alterar Senha","Change password"
"pools","pools.pageTitle","Grupos","Groups"
"pools","pools.pageSubtitle","Crie ou participe de grupos privados para competir com seus amigos.","Create or join private groups to compete with your friends."
"pools","pools.tournamentLabel","Torneio: {name}","Tournament: {name}"
"pools","pools.defaultDescription","Grupo para disputar com amigos","Group to compete with friends"
"pools","pools.participantsCount","{count} participantes","{count} participants"
"pools","pools.officialBadge","Grupo Oficial","Official group"
"pools","pools.whatsappLink","Grupo WhatsApp","WhatsApp group"
"pools","pools.pendingTitle","Palpites Pendentes!","Pending predictions!"
"pools","pools.pendingBody","O torneio {name} ainda não começou. Garanta seus pontos palpitando no chaveamento!","Tournament {name} has not started yet. Lock in points by predicting the bracket!"
"pools","pools.predictNow","Palpitar Agora","Predict now"
"pools","pools.rankingTitle","Ranking do Grupo","Group ranking"
"pools","pools.findTitle","Encontrar grupos","Find groups"
"pools","pools.findSubtitle","Busque pelo nome do grupo para encontrar competições criadas por seus amigos.","Search by group name to find competitions created by your friends."
"pools","pools.searchPlaceholder","Ex: Grupo dos amigos...","E.g. Friends group..."
"pools","pools.search","Pesquisar","Search"
"pools","pools.searching","Buscando...","Searching..."
"pools","pools.searchResults","Resultados da busca","Search results"
"pools","pools.myPoolsTitle","Meus Grupos","My groups"
"pools","pools.myPoolsSubtitle","Grupos que você já participa.","Groups you already joined."
"pools","pools.createNew","Criar Novo Grupo","Create new group"
"pools","pools.emptyTitle","Nenhum grupo ativo","No active groups"
"pools","pools.emptyBody","Você ainda não participa de nenhum grupo. Crie o seu próprio grupo ou busque por um grupo de amigos acima.","You are not in any group yet. Create your own or search for a friends group above."
"pools","pools.generalTitle","Grupos Gerais","General groups"
"pools","pools.generalSubtitle","Competições públicas abertas a todos os usuários.","Public competitions open to all users."
"pools","pools.createDialogTitle","Criar Grupo","Create group"
"pools","pools.createDialogDescription","Personalize seu grupo e convide amigos para competir.","Customize your group and invite friends to compete."
"pools","pools.requiresPassword","Requer senha","Requires password"
"pools","pools.noDescription","Sem descrição disponível para este grupo.","No description available for this group."
"pools","pools.viewRanking","Ver Ranking","View ranking"
"pools","pools.join","Entrar","Join"
"pools","pools.formTournament","Torneio","Tournament"
"pools","pools.selectTournament","Selecione um torneio","Select a tournament"
"pools","pools.formName","Nome do Grupo","Group name"
"pools","pools.formNamePlaceholder","Ex: Amigos do Tênis, Grupo da Firma...","E.g. Tennis friends, Office pool..."
"pools","pools.formDescriptionOptional","Descrição (Opcional)","Description (optional)"
"pools","pools.formDescriptionPlaceholder","Descreva o objetivo ou as regras do seu grupo...","Describe the goal or rules of your group..."
"pools","pools.formWhatsappOptional","Link do Grupo de WhatsApp (Opcional)","WhatsApp group link (optional)"
"pools","pools.privateTitle","Grupo Privado","Private group"
"pools","pools.privateHint","Exigir senha para novos membros","Require a password for new members"
"pools","pools.accessPassword","Senha de Acesso","Access password"
"pools","pools.passwordPlaceholder","Digite a senha que seus amigos usarão","Enter the password your friends will use"
"pools","pools.generalFormTitle","Grupo Geral","General group"
"pools","pools.generalHint","Visível para todos os usuários","Visible to all users"
"pools","pools.hidePendingTitle","Ocultar sem palpites","Hide without predictions"
"pools","pools.hidePendingHint","Esconder participantes que não enviaram palpites","Hide participants who have not submitted predictions"
"pools","pools.creating","Criando...","Creating..."
"pools","pools.create","Criar Grupo","Create group"
"pools","pools.editTitle","Editar Grupo","Edit group"
"pools","pools.editDescription","Altere as informações do seu grupo ou mude o torneio atual.","Update your group info or change the linked tournament."
"pools","pools.linkedTournament","Torneio Vinculado","Linked tournament"
"pools","pools.newPassword","Nova Senha (Opcional)","New password (optional)"
"pools","pools.passwordKeep","Deixe em branco para manter a senha atual","Leave blank to keep the current password"
"pools","pools.saveChanges","Salvar Alterações","Save changes"
"pools","pools.joinedToast","Você entrou no grupo {name}.","You joined {name}."
"pools","pools.leftToast","Você não faz mais parte do grupo {name}.","You are no longer a member of {name}."
"pools","pools.leaveError","Ocorreu um erro ao sair do grupo.","An error occurred while leaving the group."
"pools","pools.linkCopied","O link deste grupo foi copiado para sua área de transferência.","This group's link was copied to your clipboard."
"pools","pools.edit","Editar Grupo","Edit group"
"pools","pools.share","Compartilhar Convite","Share invite"
"pools","pools.leave","Sair do Grupo","Leave group"
"pools","pools.joinWithPassword","Entrar com Senha","Join with password"
"pools","pools.joinGroup","Entrar no Grupo","Join group"
"pools","pools.passwordTitle","Senha de Acesso","Access password"
"pools","pools.passwordDescription","Este grupo é privado. Digite a senha para entrar e participar do ranking.","This group is private. Enter the password to join and appear on the leaderboard."
"pools","pools.passwordInput","Digite a senha","Enter the password"
"pools","pools.validating","Validando...","Validating..."
"pools","pools.enter","Entrar","Join"
"pools","pools.leaveConfirmTitle","Sair do Grupo?","Leave group?"
"pools","pools.leaveConfirmBody","Tem certeza que deseja sair de {name}? Seu progresso no ranking deste grupo será perdido.","Are you sure you want to leave {name}? Your ranking progress in this group will be lost."
"pools","pools.leaving","Saindo...","Leaving..."
"pools","pools.gateTitle","Grupo Privado","Private group"
"pools","pools.gateDescription","Este grupo é protegido. Digite a senha de acesso para participar de {name}.","This group is protected. Enter the access password to join {name}."
"pools","pools.gatePasswordPlaceholder","Digite a senha do grupo","Enter the group password"
"pools","pools.joining","Entrando...","Joining..."
"pools","pools.participate","Participar do Grupo","Join group"
"pools","pools.rankingEmptyTitle","Nenhum palpite foi enviado ainda","No predictions submitted yet"
"pools","pools.rankingEmptyBody","Convide amigos para começar a disputa!","Invite friends to start the competition!"
"pools","pools.rankingFull","Classificação Completa","Full standings"
"pools","pools.rankingFilteredEmpty","Nenhum participante enviou palpites ainda.","No participant has submitted predictions yet."
"pools","pools.rankingNoData","Nenhum dado disponível.","No data available."
"pools","pools.rankingHits","{correct}/{total} ACERTOS","{correct}/{total} CORRECT"
"pools","pools.rankingAccuracy","{n}% PRECISÃO","{n}% ACCURACY"
"pools","pools.rankingIncomplete","Não completou seus palpites","Has not completed predictions"
"pools","pools.filterByTournament","Filtrar por Torneio","Filter by tournament"
"pools","pools.filterOverall","Pontuação Geral","Overall score"
"shared","shared.countryLabel","País","Country"
"shared","shared.countryLoading","Carregando países...","Loading countries..."
"shared","shared.countryPlaceholder","Selecione o país...","Select country..."
"shared","shared.countryManual","Brasil","Brazil"
"shared","shared.countryLoadError","Não foi possível carregar a lista de países. Informe o país manualmente.","Could not load the country list. Enter the country manually."
"shared","shared.countrySearch","Buscar país...","Search country..."
"shared","shared.countryEmpty","Nenhum país encontrado.","No country found."
"shared","shared.state","Estado","State"
"shared","shared.selectState","Selecione o estado...","Select state..."
"shared","shared.searchState","Buscar estado...","Search state..."
"shared","shared.noState","Nenhum estado encontrado.","No state found."
"shared","shared.city","Cidade","City"
"shared","shared.selectStateFirst","Selecione um estado","Select a state"
"shared","shared.selectCity","Selecione a cidade...","Select city..."
"shared","shared.searchCity","Buscar cidade...","Search city..."
"shared","shared.noCity","Nenhuma cidade encontrada.","No city found."
"shared","shared.clubLabel","Clube em que joga tênis *","Tennis club *"
"shared","shared.clubOther","Outro clube","Other club"
"shared","shared.clubPlaceholder","Selecione seu clube","Select your club"
"shared","shared.clubSearch","Digite para buscar o clube...","Type to search for a club..."
"shared","shared.clubEmpty","Nenhum clube encontrado.","No club found."
"shared","shared.clubNone","Não joga em nenhum clube","Does not play at a club"
"shared","shared.clubCustomPlaceholder","Digite o nome do clube","Enter the club name"
"admin","admin.navHome","Home","Home"
"admin","admin.navTournaments","Torneios","Tournaments"
"admin","admin.navUsers","Usuários","Users"
"admin","admin.navClubs","Clubes","Clubs"
"admin","admin.navPools","Grupos","Groups"
"admin","admin.role","Administrador","Administrator"
"admin","admin.dashboardTitle","Painel Administrativo","Admin panel"
"admin","admin.dashboardSubtitle","Gerencie torneios, jogadores e participantes do grupo com ferramentas exclusivas.","Manage tournaments, players, and pool participants with exclusive tools."
"admin","admin.statsActiveTournaments","Torneios Ativos","Active tournaments"
"admin","admin.statsNewUsers","Novos Usuários","New users"
"admin","admin.statsLast7Days","nos últimos 7 dias","in the last 7 days"
"admin","admin.statsTotalPredictions","Total de Palpites","Total predictions"
"admin","admin.statsSinceStart","desde o início","since the beginning"
"admin","admin.recentTournaments","Torneios Recentes","Recent tournaments"
"admin","admin.manageAll","Gerenciar todos","Manage all"
"admin","admin.popularTournaments","Torneios Populares","Popular tournaments"
"admin","admin.enrolled","Inscritos","Enrolled"
"admin","admin.participants","Participantes","Participants"
"admin","admin.viewAll","Todos","All"
"admin","admin.noNickname","Sem apelido","No nickname"
"admin","admin.predictionsCount","{n} palpites","{n} predictions"
"admin","admin.poolsTitle","Gerenciar Grupos","Manage groups"
"admin","admin.poolsSubtitle","Acompanhe, crie e edite os grupos da plataforma e seus participantes","Track, create, and edit platform groups and their members"
"admin","admin.usersTitle","Gerenciar Usuários","Manage users"
"admin","admin.usersSubtitle","Administre os participantes do grupo","Administer pool participants"
"admin","admin.usersListTitle","Lista de Usuários","User list"
"admin","admin.usersListSubtitle","Gerencie o acesso e permissões dos participantes","Manage participant access and permissions"
"admin","admin.usersEmptyTitle","Nenhum usuário cadastrado","No users registered"
"admin","admin.usersEmptyBody","Convide participantes para começar o grupo.","Invite participants to start the pool."
"admin","admin.allUsers","Todos os Usuários ({n})","All users ({n})"
"admin","admin.adminBadge","Admin","Admin"
"admin","admin.inactive","Inativo","Inactive"
"admin","admin.active","Ativo","Active"
"admin","admin.you","Você","You"
"admin","admin.clubsTitle","Clubes Oficiais","Official clubs"
"admin","admin.clubsSubtitle","Cadastre, edite e exclua os clubes oficiais do sistema","Add, edit, and delete official clubs"
"admin","admin.tournamentsTitle","Gerenciar Torneios","Manage tournaments"
"admin","admin.tournamentsSubtitle","Acompanhe o calendário e gerencie os campeonatos","Follow the calendar and manage championships"
"admin","admin.tournamentsListTitle","Lista de Torneios","Tournament list"
"admin","admin.tournamentsListSubtitle","Acompanhe e edite seus campeonatos","Track and edit your championships"
"admin","admin.newTournament","Novo Torneio","New tournament"
"admin","admin.filterByMonth","Filtrar por mês","Filter by month"
"admin","admin.noneThisYear","Nenhum torneio este ano.","No tournaments this year."
"admin","admin.eventOne","evento","event"
"admin","admin.eventOther","eventos","events"
"admin","admin.emptyMonthTitle","Nenhum torneio neste mês","No tournaments this month"
"admin","admin.emptyMonthBody","Não há torneios cadastrados para este período.","There are no tournaments for this period."
"admin","admin.groupInProgress","Em Andamento / Bloqueados","In progress / Locked"
"admin","admin.groupOpen","Abertos para palpites","Open for predictions"
"admin","admin.groupUpcoming","Próximos (Visíveis)","Upcoming (visible)"
"admin","admin.groupStandby","Calendário (Standby)","Calendar (Standby)"
"admin","admin.groupFinished","Finalizados","Finished"
"admin","admin.playerCount","{n} jogadores","{n} players"
"admin","admin.createTournamentTitle","Criar Torneio","Create tournament"
"admin","admin.createTournamentHint","Preencha as informações abaixo:","Fill in the information below:"
"admin","admin.newTournamentSubtitle","Configure um novo campeonato na plataforma","Set up a new championship on the platform"
"admin","admin.modeUpcoming","Modo Em Breve","Coming up mode"
"admin","admin.modeStandby","Modo Standby","Standby mode"
"admin","admin.alertUpcoming","O chaveamento está publicado e visível para os participantes.","The bracket is published and visible to participants."
"admin","admin.alertStandby","Use Preparar Chaveamento para tornar o torneio visível.","Use Prepare bracket to make the tournament visible."
"admin","admin.bracket","Chaveamento","Bracket"
"admin","admin.fixedBracket","CHAVE FIXA","FIXED BRACKET"
"admin","admin.noBracket","O chaveamento ainda não foi gerado.","The bracket has not been generated yet."
"admin","admin.match.manageGame","Gerenciar Jogo {position}","Manage Match {position}"
"admin","admin.match.setMatchup","Definir Confronto","Set Matchup"
"admin","admin.match.setMatchupDesc","Configure os jogadores para esta partida.","Configure the players for this match."
"admin","admin.match.replaceLL","Substituir / LL / Definir Q","Replace / LL / Set Q"
"admin","admin.match.replaceLLDesc","Substitua um jogador, preencha um Qualifier ou adicione um LL.","Replace a player, fill a Qualifier, or add an LL."
"admin","admin.match.changeResult","Alterar Resultado","Change Result"
"admin","admin.match.registerResult","Registrar Resultado","Record Result"
"admin","admin.match.changeResultDesc","Corrija o vencedor ou o placar desta partida.","Correct the winner or score of this match."
"admin","admin.match.registerResultDesc","Defina o vencedor e o placar da partida.","Set the winner and score of the match."
"admin","admin.match.noActions","Nenhuma ação disponível","No actions available"
"admin","admin.match.noActionsDesc","Esta partida já foi concluída ou o torneio está finalizado.","This match is already completed or the tournament is finished."
"admin","admin.match.configureGame","Configurar Jogo {position}","Configure Match {position}"
"admin","admin.match.sideA","Lado A","Side A"
"admin","admin.match.sideB","Lado B","Side B"
"admin","admin.match.playerOptional","Jogador (Opcional)","Player (Optional)"
"admin","admin.match.selectPlayer","Selecionar Jogador","Select Player"
"admin","admin.match.remove","Remover","Remove"
"admin","admin.match.selectPlayerPlaceholder","Selecione o jogador...","Select the player..."
"admin","admin.match.seedNumber","Número do Seed","Seed Number"
"admin","admin.match.typePlayer","Jogador Específico","Specific Player"
"admin","admin.match.typeSeed","Seed / Cabeça de Chave","Seed"
"admin","admin.match.typeQualifier","Qualifier (Q)","Qualifier (Q)"
"admin","admin.match.typeWildcard","Wild Card (WC)","Wild Card (WC)"
"admin","admin.match.typeLuckyLoser","Lucky Loser (LL)","Lucky Loser (LL)"
"admin","admin.match.typeNextGen","Next Gen (NG)","Next Gen (NG)"
"admin","admin.match.typeAlternate","Alternate (ALT)","Alternate (ALT)"
"admin","admin.match.typeBye","BYE","BYE"
"admin","admin.match.confirmMatchup","Confirmar Confronto","Confirm Matchup"
"admin","admin.match.definePlayer","Definir Jogador","Set Player"
"admin","admin.match.replacePlayer","Substituir Jogador","Replace Player"
"admin","admin.match.selectSide","Selecione qual lado do confronto deseja alterar.","Select which side of the matchup to change."
"admin","admin.match.newPlayer","Novo Jogador","New Player"
"admin","admin.match.enteringAsLL","Este jogador está entrando como Lucky Loser (LL)","This player is entering as Lucky Loser (LL)"
"admin","admin.match.replaceWithLL","Substituir por Lucky Loser (LL)","Replace with Lucky Loser (LL)"
"admin","admin.match.llWarning","Ao marcar como LL, a pontuação desta partida será anulada apenas se o Lucky Loser vencer. Se ele perder, a pontuação será creditada normalmente.","When marked as LL, this match's points are voided only if the Lucky Loser wins. If they lose, points are awarded normally."
"admin","admin.match.confirmPlayer","Confirmar Jogador","Confirm Player"
"admin","admin.match.confirmReplace","Confirmar Substituição","Confirm Replacement"
"admin","admin.match.playerA","Jogador A","Player A"
"admin","admin.match.playerB","Jogador B","Player B"
"admin","admin.match.selectWinner","Selecione o Vencedor","Select the Winner"
"admin","admin.match.winnerBadge","VENCEDOR","WINNER"
"admin","admin.match.finalScore","Placar Final","Final Score"
"admin","admin.match.normal","Normal","Normal"
"admin","admin.match.partialScoreRequired","Placar parcial obrigatório","Partial score required"
"admin","admin.match.noScore","Sem placar","No score"
"admin","admin.match.setsHint","Sets separados por espaço (6-4 3-6 7-6)","Sets separated by space (6-4 3-6 7-6)"
"admin","admin.match.partialScorePlaceholder","Ex: 6-4 3-2","E.g.: 6-4 3-2"
"admin","admin.match.woNoScore","W/O sem placar","W/O without score"
"admin","admin.match.confirmResult","Confirmar Resultado","Confirm Result"
"admin","admin.match.success","Sucesso!","Success!"
"admin","admin.match.reactivatePoints","Reativar Pontos","Reactivate Points"
"admin","admin.match.cancelPoints","Anular Pontos","Void Points"
"admin","admin.match.clear","Limpar","Clear"
"admin","admin.match.reactivatePointsTitle","Reativar Pontuação?","Reactivate Points?"
"admin","admin.match.cancelPointsTitle","Anular Pontuação?","Void Points?"
"admin","admin.match.reactivatePointsDesc","Deseja reativar a pontuação para esta partida? Os pontos serão recalculados ao salvar o resultado novamente.","Do you want to reactivate points for this match? Points will be recalculated when you save the result again."
"admin","admin.match.cancelPointsDesc","Tem certeza que deseja anular a pontuação desta partida? Nenhum usuário ganhará pontos por este confronto.","Are you sure you want to void points for this match? No user will earn points from this matchup."
"admin","admin.match.clearResultTitle","Limpar Resultado?","Clear Result?"
"admin","admin.match.clearResultDesc","Tem certeza que deseja limpar o resultado desta partida? Isso removerá o vencedor das rodadas seguintes.","Are you sure you want to clear this match result? This will remove the winner from later rounds."
"admin","admin.match.yes","Sim","Yes"
"admin","admin.match.resultSaved","Resultado salvo! Vencedor avançado.","Result saved! Winner advanced."
"admin","admin.match.change","Alterar","Change"
"admin","admin.match.result","Resultado","Result"
"admin","admin.match.errorSeedP1","Defina o Seed do Jogador 1","Set Player 1 seed"
"admin","admin.match.errorSeedP2","Defina o Seed do Jogador 2","Set Player 2 seed"
"admin","admin.match.errorByeVsBye","Bye não pode enfrentar Bye","Bye cannot face Bye"
"admin","admin.match.errorSaveMatchup","Erro ao salvar confronto","Error saving matchup"
"admin","admin.match.errorUnexpected","Ocorreu um erro inesperado","An unexpected error occurred"
"admin","admin.match.errorClearResult","Erro ao limpar resultado","Error clearing result"
"admin","admin.match.errorChangePoints","Erro ao alterar pontuação","Error updating points"
"admin","admin.match.errorSelectWinner","Selecione o vencedor","Select the winner"
"admin","admin.match.errorPartialScore","Informe o placar parcial do RET","Enter the partial RET score"
"admin","admin.match.errorSelectScore","Selecione o placar ou marque W/O/RET","Select the score or mark W/O/RET"
"admin","admin.match.errorSave","Erro ao salvar","Error saving result"
"admin","admin.statusTransition.prepareBracket","Preparar Chaveamento (Tornar Visível)","Prepare Bracket (Make Visible)"
"admin","admin.statusTransition.hideStandby","Ocultar (Voltar para Standby)","Hide (Back to Standby)"
"admin","admin.statusTransition.resetToStandbyTitle","Voltar para Standby?","Back to Standby?"
"admin","admin.statusTransition.resetToStandbyDesc","Esta ação irá <strong>EXCLUIR</strong> permanentemente o chaveamento atual e todos os palpites já realizados.","This action will permanently <strong>DELETE</strong> the current bracket and all predictions already made."
"admin","admin.statusTransition.yesReset","Sim, Resetar","Yes, Reset"
"admin","admin.statusTransition.finishTournament","Finalizar Torneio","Finish Tournament"
"admin","admin.statusTransition.toastResetSuccess","Chaveamento excluído e torneio em Standby","Bracket deleted and tournament set to Standby"
"admin","admin.statusTransition.toastResetError","Erro ao resetar torneio","Error resetting tournament"
"admin","admin.statusTransition.toastPrepareSuccess","Chaveamento gerado e torneio visível!","Bracket generated and tournament visible!"
"admin","admin.statusTransition.toastPrepareError","Erro ao preparar torneio","Error preparing tournament"
"admin","admin.statusTransition.toastFinishSuccess","Torneio finalizado com sucesso!","Tournament finished successfully!"
"admin","admin.statusTransition.toastFinishError","Erro ao finalizar torneio","Error finishing tournament"
"admin","admin.deleteTournament.title","Excluir Torneio?","Delete Tournament?"
"admin","admin.deleteTournament.description","Você está prestes a excluir o torneio ""{name}"". Esta ação não pode ser desfeita.","You are about to delete the tournament ""{name}"". This action cannot be undone."
"admin","admin.deleteTournament.yesDelete","Sim, Excluir","Yes, Delete"
"admin","admin.deleteTournament.tooltip","Excluir Torneio","Delete Tournament"
"admin","admin.deleteTournament.toastSuccess","Torneio excluído com sucesso!","Tournament deleted successfully!"
"admin","admin.deleteTournament.toastError","Erro ao excluir torneio","Error deleting tournament"
"admin","admin.sync.syncAtp","Sincronizar ATP","Sync ATP"
"admin","admin.sync.availableIn","Disponível em {time}","Available in {time}"
"admin","admin.sync.lastSync","Última sincronização: {time}","Last sync: {time}"
"admin","admin.sync.toastSuccess","Sincronização concluída! Criados: {created}, Atualizados: {updated}","Sync complete! Created: {created}, Updated: {updated}"
"admin","admin.sync.toastError","Erro ao sincronizar","Error syncing"
"admin","admin.sync.toastErrorAtp","Erro ao sincronizar com ATP","Error syncing with ATP"
"admin","admin.sync.syncBracket","Sincronizar Chaveamento ATP","Sync ATP Bracket"
"admin","admin.sync.syncBracketTitle","Sincronizar Chaveamento?","Sync Bracket?"
"admin","admin.sync.syncBracketDesc","Deseja sincronizar o chaveamento com a ATP? Isso substituirá os jogadores da Rodada 1.","Do you want to sync the bracket with ATP? This will replace Round 1 players."
"admin","admin.sync.yesSync","Sim, Sincronizar","Yes, Sync"
"admin","admin.sync.toastBracketSuccess","Sincronizado com sucesso! {count} partidas atualizadas.","Synced successfully! {count} matches updated."
"admin","admin.sync.toastBracketError","Erro ao sincronizar chaveamento","Error syncing bracket"
"admin","admin.sync.toastServerError","Erro ao conectar com o servidor","Error connecting to the server"
"admin","admin.publish.publishing","Publicando...","Publishing..."
"admin","admin.publish.publishBracket","Publicar Chaveamento","Publish Bracket"
"admin","admin.publish.fillRound1","Preencha toda a 1ª rodada","Fill the entire 1st round"
"admin","admin.publish.confirmTitle","Confirmar Publicação?","Confirm Publication?"
"admin","admin.publish.confirmDesc","Ao publicar, o chaveamento será bloqueado para mudanças estruturais e o torneio ficará <strong>ATIVO</strong> para palpites e resultados.","Once published, the bracket will be locked for structural changes and the tournament will be <strong>ACTIVE</strong> for predictions and results."
"admin","admin.publish.yesPublish","Sim, Publicar!","Yes, Publish!"
"admin","admin.publish.toastSuccess","Chaveamento publicado com sucesso!","Bracket published successfully!"
"admin","admin.publish.toastError","Erro ao publicar chaveamento","Error publishing bracket"
"admin","admin.date.changeDateTime","Alterar data e hora","Change date and time"
"admin","admin.date.startDateTime","Data e hora de início","Start Date and Time"
"admin","admin.date.saveChanges","Salvar Alterações","Save Changes"
"admin","admin.date.toastSuccess","Data e hora do torneio atualizadas com sucesso!","Tournament date and time updated successfully!"
"admin","admin.date.toastError","Ocorreu um erro ao atualizar a data do torneio.","An error occurred while updating the tournament date."
"admin","admin.prize.editPrize","Editar prêmio","Edit prize"
"admin","admin.prize.addPrize","Adicionar prêmio","Add prize"
"admin","admin.prize.title","Prêmio do torneio","Tournament prize"
"admin","admin.prize.description","Descrição","Description"
"admin","admin.prize.placeholder","Descreva o que o ganhador vai receber","Describe what the winner will receive"
"admin","admin.prize.saveChanges","Salvar alterações","Save changes"
"admin","admin.prize.toastSuccess","Prêmio atualizado com sucesso!","Prize updated successfully!"
"admin","admin.prize.toastError","Ocorreu um erro ao atualizar o prêmio.","An error occurred while updating the prize."
"admin","admin.visibility.nowVisible","Torneio agora está visível","Tournament is now visible"
"admin","admin.visibility.nowHidden","Torneio agora está oculto","Tournament is now hidden"
"admin","admin.visibility.error","Erro ao atualizar visibilidade","Error updating visibility"
"admin","admin.userActions.deleteTitle","Excluir Usuário?","Delete User?"
"admin","admin.userActions.deleteDesc","Tem certeza que deseja excluir <strong>{name}</strong>? Esta ação não poderá ser desfeita.","Are you sure you want to delete <strong>{name}</strong>? This action cannot be undone."
"admin","admin.userActions.deleting","Excluindo...","Deleting..."
"admin","admin.userActions.confirmDelete","Confirmar Exclusão","Confirm Deletion"
"admin","admin.userActions.toastDeleteSuccess","Usuário excluído com sucesso!","User deleted successfully!"
"admin","admin.userActions.toastDeleteError","Erro ao excluir usuário","Error deleting user"
"admin","admin.userActions.activated","Usuário ativado!","User activated!"
"admin","admin.userActions.deactivated","Usuário desativado!","User deactivated!"
"admin","admin.userActions.statusError","Erro ao alterar status do usuário","Error changing user status"
"admin","admin.form.tournamentName","Nome do Torneio","Tournament Name"
"admin","admin.form.selectTournament","Selecione o torneio","Select the tournament"
"admin","admin.form.category","Categoria","Category"
"admin","admin.form.selectCategory","Selecione a categoria","Select the category"
"admin","admin.form.prize","Prêmio","Prize"
"admin","admin.form.prizePlaceholder","Descreva o que o ganhador vai receber","Describe what the winner will receive"
"admin","admin.form.surface","Superfície","Surface"
"admin","admin.form.select","Selecione","Select"
"admin","admin.form.hardCourt","Quadra dura","Hard Court"
"admin","admin.form.clay","Saibro","Clay"
"admin","admin.form.grass","Grama","Grass"
"admin","admin.form.location","Local","Location"
"admin","admin.form.selectLocation","Selecione o local","Select the location"
"admin","admin.form.startDateTime","Data e hora de início","Start Date and Time"
"admin","admin.form.endDate","Data de término","End Date"
"admin","admin.form.format","Formato","Format"
"admin","admin.form.singles","Simples","Singles"
"admin","admin.form.doublesComing","Duplas (Em breve)","Doubles (Coming soon)"
"admin","admin.form.sets","Sets","Sets"
"admin","admin.form.bestOf3","Melhor de 3","Best of 3"
"admin","admin.form.bestOf5","Melhor de 5","Best of 5"
"admin","admin.form.bracketSize","Tamanho da Chave","Bracket Size"
"admin","admin.form.playersRounds","{n} jogadores ({r} rodadas)","{n} players ({r} rounds)"
"admin","admin.form.bracketFeatures","Recursos do Chaveamento","Bracket Features"
"admin","admin.form.seeds","Seeds","Seeds"
"admin","admin.form.qualifiers","Qualifiers","Qualifiers"
"admin","admin.form.wildCards","Wild Cards","Wild Cards"
"admin","admin.form.byes","Byes","Byes"
"admin","admin.form.generateHint","O sistema gerará todas as rodadas e partidas vazias. Você poderá definir manualmente cada confronto da 1ª rodada na próxima etapa.","The system will generate all rounds and empty matches. You can manually set each 1st-round matchup in the next step."
"admin","admin.form.generating","Gerando chaveamento...","Generating bracket..."
"admin","admin.form.createTournament","Criar Torneio","Create Tournament"
"admin","admin.form.metadataTournament","Torneio","Tournament"
"admin","admin.form.metadataLocation","Local","Location"
"admin","admin.players.title","Jogadores Cadastrados","Registered Players"
"admin","admin.players.countInSystem","{n} jogadores no sistema","{n} players in the system"
"admin","admin.players.collapseSearch","Recolher busca de jogadores","Collapse player search"
"admin","admin.players.expandSearch","Expandir busca de jogadores","Expand player search"
"admin","admin.players.collapse","Recolher","Collapse"
"admin","admin.players.expand","Expandir","Expand"
"admin","admin.players.searchPlaceholder","Buscar jogador...","Search player..."
"admin","admin.players.empty","Nenhum jogador cadastrado. Adicione jogadores para começar.","No {title}s registered yet."
"admin","admin.players.notFound","Nenhum jogador encontrado.","No players found."
"admin","admin.players.add","Adicionar","Add"
"admin","admin.players.addTitle","Adicionar Jogadores","Add Players"
"admin","admin.players.individual","Individual","Individual"
"admin","admin.players.bulkImport","Importar em Lote","Bulk Import"
"admin","admin.players.registered","Jogador cadastrado!","Player registered!"
"admin","admin.players.nameRequired","Nome do Jogador *","Player Name *"
"admin","admin.players.namePlaceholder","Ex: Carlos Alcaraz","E.g.: Carlos Alcaraz"
"admin","admin.players.displayName","Nome de Exibição (Chaveamento)","Display Name (Bracket)"
"admin","admin.players.displayNameHint","Como o nome aparecerá no chaveamento. Se vazio, usa o nome completo.","How the name will appear on the bracket. If empty, the full name is used."
"admin","admin.players.countryCode","Sigla do País","Country Code"
"admin","admin.players.countryPlaceholder","Ex: ESP","E.g.: ESP"
"admin","admin.players.registerPlayer","Cadastrar Jogador","Register Player"
"admin","admin.players.editTitle","Editar Jogador","Edit Player"
"admin","admin.players.editDesc","Altere as informações do jogador conforme necessário.","Update the player information as needed."
"admin","admin.players.toastUpdated","Jogador atualizado com sucesso","Player updated successfully"
"admin","admin.players.errorUpdate","Erro ao atualizar","Error updating"
"admin","admin.players.errorRegister","Erro ao cadastrar","Error registering"
"admin","admin.players.saveChanges","Salvar Alterações","Save Changes"
"admin","admin.players.deleteTitle","Excluir Jogador","Delete Player"
"admin","admin.players.deleteDesc","Tem certeza de que deseja excluir <strong>{name}</strong>? Esta ação não pode ser desfeita.","Are you sure you want to delete <strong>{name}</strong>? This action cannot be undone."
"admin","admin.players.deletePlayer","Excluir Jogador","Delete Player"
"admin","admin.players.deleting","Excluindo...","Deleting..."
"admin","admin.players.toastDeleted","Jogador excluído com sucesso","Player deleted successfully"
"admin","admin.players.toastDeleteError","Erro ao excluir jogador","Error deleting player"
"admin","admin.players.playerList","Lista de Jogadores","Player List"
"admin","admin.players.importPlaceholder","Cole a lista no formato:
Carlos Alcaraz (ESP) [Car. Alcaraz]
Jannik Sinner (ITA) [J. Sinner]
Novak Djokovic (SRB)
...

Ou apenas nomes:
Carlos Alcaraz
Jannik Sinner
Novak Djokovic","Paste the list in the format:
Carlos Alcaraz (ESP) [Car. Alcaraz]
Jannik Sinner (ITA) [J. Sinner]
Novak Djokovic (SRB)
...

Or just names:
Carlos Alcaraz
Jannik Sinner
Novak Djokovic"
"admin","admin.players.importHint","Formatos aceitos: ""Nome (País) [Nome de exibição]"", ""Nome (País)"" ou apenas ""Nome"". Um jogador por linha. O sistema ignora a numeração, se houver.","Accepted formats: ""Name (Country) [Display Name]"", ""Name (Country)"", or just ""Name"". One player per line. Numbering is ignored if present."
"admin","admin.players.importing","Importando...","Importing..."
"admin","admin.players.importPlayers","Importar Jogadores","Import Players"
"admin","admin.players.pasteList","Cole a lista de jogadores","Paste the player list"
"admin","admin.players.importSuccess","{count} jogadores importados com sucesso!","{count} players imported successfully!"
"admin","admin.players.importError","Erro ao importar","Error importing"
"admin","admin.metadata.manage","Gerenciar {title}s","Manage {title}s"
"admin","admin.metadata.countRegistered","{count} {title}s cadastrados","{count} {title}s registered"
"admin","admin.metadata.addNew","Adicionar Novo {title}","Add New {title}"
"admin","admin.metadata.list","Lista de {title}s","List of {title}s"
"admin","admin.metadata.empty","Nenhum {title} cadastrado ainda.","No {title}s registered yet."
"admin","admin.metadata.closeManager","Fechar Gerenciador","Close Manager"
"admin","admin.metadata.toastAdded","{title} adicionado!","{title} added!"
"admin","admin.metadata.toastUpdated","{title} atualizado!","{title} updated!"
"admin","admin.metadata.toastDeleted","{title} excluído!","{title} deleted!"
"admin","admin.metadata.deleteError","Erro ao excluir","Error deleting"
"admin","admin.metadata.exit","Sair","Exit"
"admin","admin.metadata.exampleName","Australian Open","Australian Open"
"admin","admin.metadata.exampleLocation","Melbourne","Melbourne"
"admin","admin.participantsDialog.enrolled","Inscritos","Enrolled"
"admin","admin.participantsDialog.title","Inscritos no torneio","Tournament enrollments"
"admin","admin.participantsDialog.countOne","1 pessoa está inscrita neste torneio.","1 person is enrolled in this tournament."
"admin","admin.participantsDialog.countOther","{count} pessoas estão inscritas neste torneio.","{count} people are enrolled in this tournament."
"admin","admin.participantsDialog.searchPlaceholder","Buscar por nome, email, clube ou WhatsApp","Search by name, email, club, or WhatsApp"
"admin","admin.participantsDialog.empty","Nenhum inscrito neste torneio.","No enrollments in this tournament."
"admin","admin.participantsDialog.notFound","Nenhum inscrito encontrado para essa busca.","No enrollments found for this search."
"admin","admin.participantsDialog.enrolledOn","Inscrito em {date}","Enrolled on {date}"
"meta","meta.title","TennisPool – Grupos de Tênis Online","TennisPool – Online Tennis Pools"
"meta","meta.description","TennisPool: participe de grupos de tênis, faça palpites nos jogos e dispute no ranking com seus amigos.","TennisPool: join tennis pools, predict matches, and compete on the leaderboard with your friends."
"meta","meta.keywords","TennisPool,grupo de tênis,palpites,ranking,torneios de tênis","TennisPool,tennis pool,predictions,ranking,tennis tournaments"
"meta","meta.ogTitle","TennisPool – Grupos de Tênis Online","TennisPool – Online Tennis Pools"
"meta","meta.ogDescription","Participe de grupos de tênis com pontos por palpites e dispute com seus amigos.","Join tennis pools with prediction points and compete with your friends."
"meta","meta.ogImageAlt","Logo do TennisPool","TennisPool logo"
"meta","meta.twitterTitle","TennisPool – Grupos de Tênis","TennisPool – Tennis Pools"
"meta","meta.twitterDescription","TennisPool: faça palpites, acumule pontos e veja seu nome no topo do ranking.","TennisPool: make predictions, earn points, and climb the rankings."
"ui","ui.previous","Anterior","Previous"
"ui","ui.next","Próxima","Next"
"ui","ui.previousAria","Ir para a página anterior","Go to previous page"
"ui","ui.nextAria","Ir para a próxima página","Go to next page"
"ui","ui.morePages","Mais páginas","More pages"
"ui","ui.select","Selecione...","Select..."
"ui","ui.search","Buscar...","Search..."
"ui","ui.noResults","Nenhum resultado encontrado.","No results found."
"ui","ui.close","Fechar","Close"
"ui","ui.examplePrefix","Ex: {example}","e.g. {example}"
"ui","ui.pagination","Paginação","Pagination"
"ui","ui.imageAltTennis","Profissional de tênis","Tennis professional"
"errors","errors.requiredFields","Todos os campos obrigatórios devem ser preenchidos","All required fields must be filled in"
"errors","errors.passwordMin6","A senha deve ter pelo menos 6 caracteres","Password must be at least 6 characters"
"errors","errors.emailTaken","Este e-mail já está cadastrado","This email is already registered"
"errors","errors.registerFailed","Erro ao criar conta. Tente novamente.","Could not create account. Please try again."
"errors","errors.emailPasswordRequired","E-mail e senha são obrigatórios","Email and password are required"
"errors","errors.invalidCredentials","E-mail ou senha incorretos","Incorrect email or password"
"errors","errors.accountInactive","Sua conta está inativa. Entre em contato com o administrador.","Your account is inactive. Contact an administrator."
"errors","errors.emailRequired","O e-mail é obrigatório.","Email is required."
"errors","errors.resetEmailIfExists","Se o e-mail estiver cadastrado, você receberá um código em instantes.","If the email is registered, you will receive a code shortly."
"errors","errors.rateLimitMinutes","Limite de tentativas excedido. Aguarde {n} minuto(s).","Too many attempts. Wait {n} minute(s)."
"errors","errors.codeStillValid","Um código já foi enviado e ainda é válido. Verifique seu e-mail.","A code was already sent and is still valid. Check your email."
"errors","errors.codeSent","Código enviado com sucesso!","Code sent successfully!"
"errors","errors.emailSendFailed","Ocorreu um erro ao enviar o e-mail. Tente novamente.","Could not send the email. Please try again."
"errors","errors.emailCodeRequired","E-mail e código são obrigatórios.","Email and code are required."
"errors","errors.resetNotFound","Solicitação de recuperação não encontrada ou expirada.","Recovery request not found or expired."
"errors","errors.codeExpired","O código expirou. Solicite um novo.","The code has expired. Request a new one."
"errors","errors.codeInvalidated","Limite de tentativas excedido. O código foi invalidado.","Too many attempts. The code was invalidated."
"errors","errors.codeWrong","Código incorreto. Você tem mais {n} tentativa(s).","Incorrect code. You have {n} attempt(s) left."
"errors","errors.allFieldsRequired","Todos os campos são obrigatórios.","All fields are required."
"errors","errors.autoLoginFailed","Erro ao realizar login automático.","Could not sign you in automatically."
"errors","errors.unauthorized","Não autorizado","Unauthorized"
"errors","errors.invalidData","Dados inválidos","Invalid data"
"errors","errors.alreadyEnrolled","Já inscrito neste torneio","Already enrolled in this tournament"
"errors","errors.enrollSuccess","Inscrição realizada com sucesso!","Enrollment successful!"
"errors","errors.enrollFailed","Erro ao processar inscrição","Could not process enrollment"
"errors","errors.poolNameRequired","O nome do grupo é obrigatório","Group name is required"
"errors","errors.poolCreateFailed","Ocorreu um erro ao criar o grupo","Could not create the group"
"errors","errors.poolNotFound","Grupo não encontrado","Group not found"
"errors","errors.poolPasswordRequired","Este grupo requer senha","This group requires a password"
"errors","errors.poolWrongPassword","Senha incorreta","Incorrect password"
"errors","errors.poolJoinFailed","Ocorreu um erro ao entrar no grupo","Could not join the group"
"errors","errors.poolLeaveFailed","Ocorreu um erro ao sair do grupo","Could not leave the group"
"errors","errors.poolUpdateFailed","Ocorreu um erro ao atualizar o grupo","Could not update the group"
"errors","errors.poolDeleteFailed","Ocorreu um erro ao excluir o grupo","Could not delete the group"
"errors","errors.nameRequired","Nome é obrigatório","Name is required"
"errors","errors.clubRequired","Clube em que joga tênis é obrigatório","Tennis club is required"
"errors","errors.stateCityBrazil","Estado e cidade são obrigatórios para Brasil","State and city are required for Brazil"
"errors","errors.nameMin2","Nome deve ter pelo menos 2 caracteres","Name must be at least 2 characters"
"errors","errors.profileUpdateFailed","Erro ao atualizar perfil","Could not update profile"
"errors","errors.loginRequiredPassword","Você precisa estar logado para alterar a senha","You must be signed in to change your password"
"errors","errors.currentPasswordRequired","Digite sua senha atual","Enter your current password"
"errors","errors.newPasswordRequired","Digite a nova senha","Enter the new password"
"errors","errors.passwordDifferent","A nova senha deve ser diferente da atual","New password must be different from the current one"
"errors","errors.userNotFound","Usuário não encontrado","User not found"
"errors","errors.currentPasswordWrong","Senha atual incorreta","Current password is incorrect"
"errors","errors.passwordChanged","Senha alterada com sucesso!","Password changed successfully!"
"errors","errors.passwordUpdateFailed","Erro interno ao atualizar senha","Could not update password"
"errors","errors.bracketUnavailable","Chaveamento ainda não disponível.","Bracket is not available yet."
"errors","errors.invalidPrediction","Palpite inválido.","Invalid prediction."
"errors","errors.invalidPredictionTournament","Palpite inválido para este torneio.","Invalid prediction for this tournament."
"errors","errors.fillAllMatches","Preencha todos os confrontos antes de finalizar.","Fill in all matches before finalizing."
"errors","errors.waitPlayers","Aguarde todos os jogadores da chave serem definidos antes de finalizar.","Wait until all bracket players are set before finalizing."
"errors","errors.invalidChain","Revise a chave: há palpite em confronto sem jogador definido.","Review the bracket: a prediction points to an undefined matchup."
"errors","errors.mustEnroll","Você precisa estar inscrito no torneio para fazer palpites","You must be enrolled in the tournament to make predictions"
"errors","errors.tournamentStarted","O torneio já começou e não é mais possível fazer palpites","The tournament has started; predictions are closed"
"errors","errors.tournamentStartedEdit","O torneio já começou e não é mais possível alterar os palpites","The tournament has started; predictions can no longer be changed"
"errors","errors.genericError","Ocorreu um erro. Tente novamente.","Something went wrong. Please try again."
"errors","errors.adminAllFieldsRequired","Todos os campos são obrigatórios","All fields are required"
"errors","errors.adminRequiredMissing","Preencha todos os campos obrigatórios","Required fields are missing"
"errors","errors.adminRequiredMissingShort","Faltam campos obrigatórios","Required fields are missing"
"errors","errors.adminNameRequired","Nome obrigatório","Name is required"
"errors","errors.adminNoPlayersFound","Nenhum jogador encontrado","No players found"
"errors","errors.adminPrepareFailed","Erro ao preparar torneio","Could not prepare tournament"
"errors","errors.adminResetFailed","Erro ao resetar torneio","Could not reset tournament"
"errors","errors.adminPublishFailed","Erro ao publicar torneio","Could not publish tournament"
"errors","errors.adminCancelPointsFailed","Erro ao cancelar pontuação","Could not void points"
"errors","errors.adminPrizeUpdateFailed","Erro ao atualizar o prêmio do torneio","Could not update tournament prize"
"errors","errors.adminDateUpdateFailed","Erro ao atualizar a data do torneio","Could not update tournament date"
"errors","errors.adminUserUpdateFailed","Erro ao atualizar usuário","Could not update user"
"errors","errors.adminClubNameRequired","Nome do clube é obrigatório","Club name is required"
"errors","errors.adminClubCreateFailed","Erro ao cadastrar clube","Could not create club"
"errors","errors.adminClubIdNameRequired","ID e nome do clube são obrigatórios","Club ID and name are required"
"errors","errors.adminClubNotFound","Clube não encontrado","Club not found"
"errors","errors.adminClubUpdateFailed","Erro ao atualizar clube","Could not update club"
"errors","errors.adminClubIdRequired","ID do clube é obrigatório","Club ID is required"
"errors","errors.adminClubDeleteFailed","Erro ao excluir clube","Could not delete club"
"errors","errors.adminTournamentNotFound","Torneio não encontrado","Tournament not found"
"errors","errors.adminAtpApiIdMissing","ID da API ATP não configurado para este torneio","ATP API ID is not configured for this tournament"
"errors","errors.adminBracketNotGenerated","Chaveamento ainda não foi gerado no sistema","Bracket has not been generated yet"
"errors","errors.adminDeleteInUse","Erro ao excluir. O item pode estar em uso.","Could not delete. The item may be in use."
"errors","errors.adminAtpSyncFailed","Erro ao sincronizar com ATP. Tente novamente mais tarde.","Could not sync with ATP. Try again later."
"errors","errors.adminFinalNotFound","Final não encontrada para este torneio.","Final match not found for this tournament."
"errors","errors.adminFinalResultRequired","Cadastre o resultado da final antes de finalizar o torneio.","Enter the final result before finishing the tournament."
"errors","errors.adminRunnerUpUnknown","Não foi possível identificar o vice-campeão.","Could not identify the runner-up."
"errors","errors.adminFinishFailed","Erro ao finalizar torneio","Could not finish tournament"
"errors","errors.adminDeleteStatusBlocked","Apenas torneios em rascunho ou em breve podem ser excluídos.","Only draft or upcoming tournaments can be deleted."
"errors","errors.adminDeleteTournamentFailed","Erro ao excluir torneio. Verifique se existem dependências.","Could not delete tournament. Check for dependencies."
"errors","errors.adminAlreadyPrepared","Torneio já está preparado ou em outro status","Tournament is already prepared or in another status"
"errors","errors.adminBracketMissing","Chaveamento não gerado","Bracket not generated"
"errors","errors.adminNoPlayersRegistered","Nenhum jogador cadastrado","No players registered"
"errors","errors.adminBracketAlreadyGenerated","Chaveamento já foi gerado para este torneio","Bracket already generated for this tournament"
"errors","errors.adminPlayerDeleteBlocked","Não é possível excluir o jogador, pois ele já possui partidas ou palpites vinculados.","Cannot delete player: they already have matches or predictions linked."
"errors","errors.adminPlayerUpdateFailed","Erro ao atualizar jogador. Verifique se o nome já existe.","Could not update player. The name may already exist."
"errors","errors.adminGamesNegative","Games não podem ser negativos","Games cannot be negative"
"errors","errors.adminExtraSets","Sets extras após o vencedor ser definido","Extra sets after the winner was decided"
"errors","errors.adminMatchNotFound","Partida não encontrada","Match not found"
"errors","errors.adminTournamentFinishedLocked","O torneio já foi finalizado e os resultados não podem ser alterados.","Tournament is finished; results cannot be changed."
"errors","errors.adminPublishBeforeResults","O torneio ainda não foi publicado. Publique-o antes de lançar resultados.","Tournament is not published yet. Publish it before entering results."
"errors","errors.adminWinnerNotInMatch","O vencedor selecionado não faz parte deste confronto.","Selected winner is not part of this match."
"errors","errors.adminSaveResultFailed","Erro ao salvar resultado","Could not save result"
"errors","errors.adminClearResultFailed","Erro ao limpar resultado","Could not clear result"
"errors","errors.adminCreateTournamentFailed","Erro ao criar torneio","Could not create tournament"
"errors","errors.adminSyncRateLimit","Sincronização permitida apenas uma vez a cada 24 horas. Tente novamente em {hours}h {minutes}min.","Sync is allowed only once every 24 hours. Try again in {hours}h {minutes}min."
"errors","errors.adminTournamentNameExists","Um torneio com este nome para o ano de {year} já existe (slug: {slug}).","A tournament with this name for year {year} already exists (slug: {slug})."
"errors","errors.adminInvalidSetScore","Placar de set inválido: {set}","Invalid set score: {set}"
"errors","errors.adminIncompleteSet","Set incompleto ou inválido: {set}","Incomplete or invalid set: {set}"
"errors","errors.adminImpossibleScore","Placar impossível: {set}","Impossible score: {set}"
"errors","errors.adminInvalidScore","Placar inválido: {set}","Invalid score: {set}"
"errors","errors.adminMatchIncomplete","Partida incompleta. São necessários {setsToWin} sets para vencer.","Incomplete match. {setsToWin} sets are required to win."
"errors","errors.adminNoAtpMatches","Nenhuma partida encontrada no chaveamento da ATP.","No matches found in the ATP draw."
"errors","errors.adminBracketSyncFailed","Erro ao sincronizar chaveamento: {message}","Could not sync bracket: {message}"
"errors","errors.adminWinnerScoreMismatch","O vencedor selecionado não coincide com o placar dos sets","Selected winner does not match the set score"
"errors","errors.adminRandomizeFailed","Erro ao gerar chaves aleatórias","Could not generate random draw"
"errors","errors.adminTruncatedPlayerName","Nome truncado no PDF não pôde ser associado com segurança: {name} ({country})","Truncated PDF name could not be safely matched: {name} ({country})"
"errors","errors.adminNoCountry","sem país","no country"
"errors","errors.apiCountriesFailed","Erro ao carregar países","Could not load countries"
"errors","errors.apiStatesFailed","Erro ao carregar estados","Could not load states"
"errors","errors.apiCitiesFailed","Erro ao carregar cidades","Could not load cities"
"errors","errors.apiInvalidState","Estado inválido","Invalid state"